-- Country data
INSERT INTO country (co_code, co_name) VALUES ('AF', 'Afghanistan');
INSERT INTO country (co_code, co_name) VALUES ('AL', 'Albania');
INSERT INTO country (co_code, co_name) VALUES ('DZ', 'Algeria');
INSERT INTO country (co_code, co_name) VALUES ('AS', 'American Samoa');
INSERT INTO country (co_code, co_name) VALUES ('AD', 'Andorra');
INSERT INTO country (co_code, co_name) VALUES ('AO', 'Angola');
INSERT INTO country (co_code, co_name) VALUES ('AI', 'Anguilla');
INSERT INTO country (co_code, co_name) VALUES ('AQ', 'Antarctica');
INSERT INTO country (co_code, co_name) VALUES ('AG', 'Antigua and Barbuda');
INSERT INTO country (co_code, co_name) VALUES ('AR', 'Argentina');
INSERT INTO country (co_code, co_name) VALUES ('AM', 'Armenia');
INSERT INTO country (co_code, co_name) VALUES ('AW', 'Aruba');
INSERT INTO country (co_code, co_name) VALUES ('AU', 'Australia');
INSERT INTO country (co_code, co_name) VALUES ('AT', 'Austria');
INSERT INTO country (co_code, co_name) VALUES ('AZ', 'Azerbaijan');
INSERT INTO country (co_code, co_name) VALUES ('BS', 'Bahamas');
INSERT INTO country (co_code, co_name) VALUES ('BH', 'Bahrain');
INSERT INTO country (co_code, co_name) VALUES ('BD', 'Bangladesh');
INSERT INTO country (co_code, co_name) VALUES ('BB', 'Barbados');
INSERT INTO country (co_code, co_name) VALUES ('BY', 'Belarus');
INSERT INTO country (co_code, co_name) VALUES ('BE', 'Belgium');
INSERT INTO country (co_code, co_name) VALUES ('BZ', 'Belize');
INSERT INTO country (co_code, co_name) VALUES ('BJ', 'Benin');
INSERT INTO country (co_code, co_name) VALUES ('BM', 'Bermuda');
INSERT INTO country (co_code, co_name) VALUES ('BT', 'Bhutan');
INSERT INTO country (co_code, co_name) VALUES ('BO', 'Bolivia, Plurinational State of');
INSERT INTO country (co_code, co_name) VALUES ('BA', 'Bosnia and Herzegovina');
INSERT INTO country (co_code, co_name) VALUES ('BW', 'Botswana');
INSERT INTO country (co_code, co_name) VALUES ('BV', 'Bouvet Island');
INSERT INTO country (co_code, co_name) VALUES ('BR', 'Brazil');
INSERT INTO country (co_code, co_name) VALUES ('IO', 'British Indian Ocean Territory');
INSERT INTO country (co_code, co_name) VALUES ('BN', 'Brunei Darussalam');
INSERT INTO country (co_code, co_name) VALUES ('BG', 'Bulgaria');
INSERT INTO country (co_code, co_name) VALUES ('BF', 'Burkina Faso');
INSERT INTO country (co_code, co_name) VALUES ('BI', 'Burundi');
INSERT INTO country (co_code, co_name) VALUES ('KH', 'Cambodia');
INSERT INTO country (co_code, co_name) VALUES ('CM', 'Cameroon');
INSERT INTO country (co_code, co_name) VALUES ('CA', 'Canada');
INSERT INTO country (co_code, co_name) VALUES ('CV', 'Cape Verde');
INSERT INTO country (co_code, co_name) VALUES ('KY', 'Cayman Islands');
INSERT INTO country (co_code, co_name) VALUES ('CF', 'Central African Republic');
INSERT INTO country (co_code, co_name) VALUES ('TD', 'Chad');
INSERT INTO country (co_code, co_name) VALUES ('CL', 'Chile');
INSERT INTO country (co_code, co_name) VALUES ('CN', 'China');
INSERT INTO country (co_code, co_name) VALUES ('CO', 'Colombia');
INSERT INTO country (co_code, co_name) VALUES ('CG', 'Congo');
INSERT INTO country (co_code, co_name) VALUES ('CR', 'Costa Rica');
INSERT INTO country (co_code, co_name) VALUES ('HR', 'Croatia');
INSERT INTO country (co_code, co_name) VALUES ('CU', 'Cuba');
INSERT INTO country (co_code, co_name) VALUES ('CY', 'Cyprus');
INSERT INTO country (co_code, co_name) VALUES ('CZ', 'Czech Republic');
INSERT INTO country (co_code, co_name) VALUES ('DK', 'Denmark');
INSERT INTO country (co_code, co_name) VALUES ('DJ', 'Djibouti');
INSERT INTO country (co_code, co_name) VALUES ('DM', 'Dominica');
INSERT INTO country (co_code, co_name) VALUES ('DO', 'Dominican Republic');
INSERT INTO country (co_code, co_name) VALUES ('EC', 'Ecuador');
INSERT INTO country (co_code, co_name) VALUES ('EG', 'Egypt');
INSERT INTO country (co_code, co_name) VALUES ('SV', 'El Salvador');
INSERT INTO country (co_code, co_name) VALUES ('EE', 'Estonia');
INSERT INTO country (co_code, co_name) VALUES ('ET', 'Ethiopia');
INSERT INTO country (co_code, co_name) VALUES ('FJ', 'Fiji');
INSERT INTO country (co_code, co_name) VALUES ('FI', 'Finland');
INSERT INTO country (co_code, co_name) VALUES ('FR', 'France');
INSERT INTO country (co_code, co_name) VALUES ('GF', 'French Guiana');
INSERT INTO country (co_code, co_name) VALUES ('PF', 'French Polynesia');
INSERT INTO country (co_code, co_name) VALUES ('TF', 'French Southern Territories');
INSERT INTO country (co_code, co_name) VALUES ('GA', 'Gabon');
INSERT INTO country (co_code, co_name) VALUES ('GM', 'Gambia');
INSERT INTO country (co_code, co_name) VALUES ('GE', 'Georgia');
INSERT INTO country (co_code, co_name) VALUES ('DE', 'Germany');
INSERT INTO country (co_code, co_name) VALUES ('GH', 'Ghana');
INSERT INTO country (co_code, co_name) VALUES ('GR', 'Greece');
INSERT INTO country (co_code, co_name) VALUES ('GL', 'Greenland');
INSERT INTO country (co_code, co_name) VALUES ('GD', 'Grenada');
INSERT INTO country (co_code, co_name) VALUES ('GP', 'Guadeloupe');
INSERT INTO country (co_code, co_name) VALUES ('GU', 'Guam');
INSERT INTO country (co_code, co_name) VALUES ('GT', 'Guatemala');
INSERT INTO country (co_code, co_name) VALUES ('GN', 'Guinea');
INSERT INTO country (co_code, co_name) VALUES ('GY', 'Guyana');
INSERT INTO country (co_code, co_name) VALUES ('HT', 'Haiti');
INSERT INTO country (co_code, co_name) VALUES ('HN', 'Honduras');
INSERT INTO country (co_code, co_name) VALUES ('HK', 'Hong Kong');
INSERT INTO country (co_code, co_name) VALUES ('HU', 'Hungary');
INSERT INTO country (co_code, co_name) VALUES ('IS', 'Iceland');
INSERT INTO country (co_code, co_name) VALUES ('IN', 'India');
INSERT INTO country (co_code, co_name) VALUES ('ID', 'Indonesia');
INSERT INTO country (co_code, co_name) VALUES ('IQ', 'Iraq');
INSERT INTO country (co_code, co_name) VALUES ('IE', 'Ireland');
INSERT INTO country (co_code, co_name) VALUES ('IL', 'Israel');
INSERT INTO country (co_code, co_name) VALUES ('IT', 'Italy');
INSERT INTO country (co_code, co_name) VALUES ('JM', 'Jamaica');
INSERT INTO country (co_code, co_name) VALUES ('JP', 'Japan');
INSERT INTO country (co_code, co_name) VALUES ('JO', 'Jordan');
INSERT INTO country (co_code, co_name) VALUES ('KZ', 'Kazakhstan');
INSERT INTO country (co_code, co_name) VALUES ('KE', 'Kenya');
INSERT INTO country (co_code, co_name) VALUES ('KW', 'Kuwait');
INSERT INTO country (co_code, co_name) VALUES ('LV', 'Latvia');
INSERT INTO country (co_code, co_name) VALUES ('LB', 'Lebanon');
INSERT INTO country (co_code, co_name) VALUES ('LR', 'Liberia');
INSERT INTO country (co_code, co_name) VALUES ('LY', 'Libya');
INSERT INTO country (co_code, co_name) VALUES ('LI', 'Liechtenstein');
INSERT INTO country (co_code, co_name) VALUES ('LT', 'Lithuania');
INSERT INTO country (co_code, co_name) VALUES ('LU', 'Luxembourg');
INSERT INTO country (co_code, co_name) VALUES ('MY', 'Malaysia');
INSERT INTO country (co_code, co_name) VALUES ('MV', 'Maldives');
INSERT INTO country (co_code, co_name) VALUES ('MT', 'Malta');
INSERT INTO country (co_code, co_name) VALUES ('MX', 'Mexico');
INSERT INTO country (co_code, co_name) VALUES ('MC', 'Monaco');
INSERT INTO country (co_code, co_name) VALUES ('MN', 'Mongolia');
INSERT INTO country (co_code, co_name) VALUES ('MA', 'Morocco');
INSERT INTO country (co_code, co_name) VALUES ('MZ', 'Mozambique');
INSERT INTO country (co_code, co_name) VALUES ('MM', 'Myanmar');
INSERT INTO country (co_code, co_name) VALUES ('NA', 'Namibia');
INSERT INTO country (co_code, co_name) VALUES ('NP', 'Nepal');
INSERT INTO country (co_code, co_name) VALUES ('NL', 'Netherlands');
INSERT INTO country (co_code, co_name) VALUES ('NZ', 'New Zealand');
INSERT INTO country (co_code, co_name) VALUES ('NI', 'Nicaragua');
INSERT INTO country (co_code, co_name) VALUES ('NG', 'Nigeria');
INSERT INTO country (co_code, co_name) VALUES ('NO', 'Norway');
INSERT INTO country (co_code, co_name) VALUES ('OM', 'Oman');
INSERT INTO country (co_code, co_name) VALUES ('PK', 'Pakistan');
INSERT INTO country (co_code, co_name) VALUES ('PA', 'Panama');
INSERT INTO country (co_code, co_name) VALUES ('PY', 'Paraguay');
INSERT INTO country (co_code, co_name) VALUES ('PE', 'Peru');
INSERT INTO country (co_code, co_name) VALUES ('PH', 'Philippines');
INSERT INTO country (co_code, co_name) VALUES ('PL', 'Poland');
INSERT INTO country (co_code, co_name) VALUES ('PT', 'Portugal');
INSERT INTO country (co_code, co_name) VALUES ('PR', 'Puerto Rico');
INSERT INTO country (co_code, co_name) VALUES ('QA', 'Qatar');
INSERT INTO country (co_code, co_name) VALUES ('RO', 'Romania');
INSERT INTO country (co_code, co_name) VALUES ('RU', 'Russian Federation');
INSERT INTO country (co_code, co_name) VALUES ('RW', 'Rwanda');
INSERT INTO country (co_code, co_name) VALUES ('SA', 'Saudi Arabia');
INSERT INTO country (co_code, co_name) VALUES ('SN', 'Senegal');
INSERT INTO country (co_code, co_name) VALUES ('RS', 'Serbia');
INSERT INTO country (co_code, co_name) VALUES ('SG', 'Singapore');
INSERT INTO country (co_code, co_name) VALUES ('SK', 'Slovakia');
INSERT INTO country (co_code, co_name) VALUES ('SI', 'Slovenia');
INSERT INTO country (co_code, co_name) VALUES ('SO', 'Somalia');
INSERT INTO country (co_code, co_name) VALUES ('ZA', 'South Africa');
INSERT INTO country (co_code, co_name) VALUES ('GS', 'South Georgia and the South Sandwich Islands');
INSERT INTO country (co_code, co_name) VALUES ('SS', 'South Sudan');
INSERT INTO country (co_code, co_name) VALUES ('ES', 'Spain');
INSERT INTO country (co_code, co_name) VALUES ('LK', 'Sri Lanka');
INSERT INTO country (co_code, co_name) VALUES ('SD', 'Sudan');
INSERT INTO country (co_code, co_name) VALUES ('SE', 'Sweden');
INSERT INTO country (co_code, co_name) VALUES ('CH', 'Switzerland');
INSERT INTO country (co_code, co_name) VALUES ('TW', 'Taiwan');
INSERT INTO country (co_code, co_name) VALUES ('TZ', 'Tanzania');
INSERT INTO country (co_code, co_name) VALUES ('TH', 'Thailand');
INSERT INTO country (co_code, co_name) VALUES ('TR', 'Turkey');
INSERT INTO country (co_code, co_name) VALUES ('UG', 'Uganda');
INSERT INTO country (co_code, co_name) VALUES ('UA', 'Ukraine');
INSERT INTO country (co_code, co_name) VALUES ('AE', 'United Arab Emirates');
INSERT INTO country (co_code, co_name) VALUES ('GB', 'United Kingdom');
INSERT INTO country (co_code, co_name) VALUES ('US', 'United States');
INSERT INTO country (co_code, co_name) VALUES ('UM', 'United States Minor Outlying Islands');
INSERT INTO country (co_code, co_name) VALUES ('UY', 'Uruguay');
INSERT INTO country (co_code, co_name) VALUES ('UZ', 'Uzbekistan');
INSERT INTO country (co_code, co_name) VALUES ('VE', 'Venezuela');
INSERT INTO country (co_code, co_name) VALUES ('VN', 'Viet Nam');
INSERT INTO country (co_code, co_name) VALUES ('YE', 'Yemen');
INSERT INTO country (co_code, co_name) VALUES ('ZM', 'Zambia');
INSERT INTO country (co_code, co_name) VALUES ('ZW', 'Zimbabwe');

-- Department data (payroll schema)
INSERT INTO department (dp_id, dp_name) VALUES (1, 'HR');
INSERT INTO department (dp_id, dp_name) VALUES (2, 'Engineering');
INSERT INTO department (dp_id, dp_name) VALUES (3, 'Marketing');

-- Skill data
INSERT INTO skill (sk_id, sk_name) VALUES (1, 'Java');
INSERT INTO skill (sk_id, sk_name) VALUES (2, 'Spring');
INSERT INTO skill (sk_id, sk_name) VALUES (3, 'Angular');
INSERT INTO skill (sk_id, sk_name) VALUES (4, 'Python');
INSERT INTO skill (sk_id, sk_name) VALUES (5, 'SQL');

-- Employee data
INSERT INTO employee (em_id, em_name, em_salary, em_permanent, em_date_of_birth, em_dp_id) VALUES (1, 'Rakesh', 55000, true, '1990-05-15', 2);
INSERT INTO employee (em_id, em_name, em_salary, em_permanent, em_date_of_birth, em_dp_id) VALUES (2, 'Priya', 62000, true, '1988-11-20', 2);
INSERT INTO employee (em_id, em_name, em_salary, em_permanent, em_date_of_birth, em_dp_id) VALUES (3, 'Amit', 48000, false, '1992-03-10', 1);
INSERT INTO employee (em_id, em_name, em_salary, em_permanent, em_date_of_birth, em_dp_id) VALUES (4, 'Sneha', 70000, true, '1985-07-25', 3);
INSERT INTO employee (em_id, em_name, em_salary, em_permanent, em_date_of_birth, em_dp_id) VALUES (5, 'Karthik', 51000, false, '1993-01-08', 1);

-- Employee-Skill mappings
INSERT INTO employee_skill (es_em_id, es_sk_id) VALUES (1, 1);
INSERT INTO employee_skill (es_em_id, es_sk_id) VALUES (1, 2);
INSERT INTO employee_skill (es_em_id, es_sk_id) VALUES (2, 1);
INSERT INTO employee_skill (es_em_id, es_sk_id) VALUES (2, 3);
INSERT INTO employee_skill (es_em_id, es_sk_id) VALUES (2, 5);
INSERT INTO employee_skill (es_em_id, es_sk_id) VALUES (3, 4);
INSERT INTO employee_skill (es_em_id, es_sk_id) VALUES (4, 3);
INSERT INTO employee_skill (es_em_id, es_sk_id) VALUES (4, 5);
INSERT INTO employee_skill (es_em_id, es_sk_id) VALUES (5, 1);
INSERT INTO employee_skill (es_em_id, es_sk_id) VALUES (5, 4);

-- Stock sample data (FB, GOOGL, NFLX) - abbreviated set
INSERT INTO stock (st_code, st_date, st_open, st_close, st_volume) VALUES ('FB', '2018-10-18', 153.85, 150.97, 25551800);
INSERT INTO stock (st_code, st_date, st_open, st_close, st_volume) VALUES ('FB', '2018-10-31', 155.00, 151.79, 60101300);
INSERT INTO stock (st_code, st_date, st_open, st_close, st_volume) VALUES ('FB', '2018-12-19', 141.21, 133.24, 57404900);
INSERT INTO stock (st_code, st_date, st_open, st_close, st_volume) VALUES ('FB', '2018-12-24', 134.00, 124.06, 21552500);
INSERT INTO stock (st_code, st_date, st_open, st_close, st_volume) VALUES ('FB', '2019-01-31', 165.60, 166.69, 77233600);
INSERT INTO stock (st_code, st_date, st_open, st_close, st_volume) VALUES ('FB', '2019-03-15', 163.00, 165.98, 30508500);
INSERT INTO stock (st_code, st_date, st_open, st_close, st_volume) VALUES ('FB', '2019-06-10', 167.42, 168.74, 16421800);
INSERT INTO stock (st_code, st_date, st_open, st_close, st_volume) VALUES ('FB', '2019-09-03', 184.00, 182.39, 9779400);
INSERT INTO stock (st_code, st_date, st_open, st_close, st_volume) VALUES ('FB', '2019-09-04', 184.65, 187.14, 11308000);
INSERT INTO stock (st_code, st_date, st_open, st_close, st_volume) VALUES ('FB', '2019-09-05', 188.53, 190.90, 13876700);
INSERT INTO stock (st_code, st_date, st_open, st_close, st_volume) VALUES ('FB', '2019-09-06', 190.21, 187.49, 15226800);
INSERT INTO stock (st_code, st_date, st_open, st_close, st_volume) VALUES ('FB', '2019-09-09', 187.73, 188.76, 14722400);
INSERT INTO stock (st_code, st_date, st_open, st_close, st_volume) VALUES ('FB', '2019-09-10', 187.44, 186.17, 15455900);
INSERT INTO stock (st_code, st_date, st_open, st_close, st_volume) VALUES ('FB', '2019-09-11', 186.46, 188.49, 11761700);
INSERT INTO stock (st_code, st_date, st_open, st_close, st_volume) VALUES ('FB', '2019-09-12', 189.86, 187.47, 11419800);
INSERT INTO stock (st_code, st_date, st_open, st_close, st_volume) VALUES ('FB', '2019-09-13', 187.33, 187.19, 11441100);
INSERT INTO stock (st_code, st_date, st_open, st_close, st_volume) VALUES ('FB', '2019-09-16', 186.93, 186.22, 8444800);
INSERT INTO stock (st_code, st_date, st_open, st_close, st_volume) VALUES ('FB', '2019-09-17', 186.66, 188.08, 9671100);
INSERT INTO stock (st_code, st_date, st_open, st_close, st_volume) VALUES ('FB', '2019-09-18', 188.09, 188.14, 9681900);
INSERT INTO stock (st_code, st_date, st_open, st_close, st_volume) VALUES ('FB', '2019-09-19', 188.66, 190.14, 10392700);
INSERT INTO stock (st_code, st_date, st_open, st_close, st_volume) VALUES ('FB', '2019-09-20', 190.66, 189.93, 19934200);
INSERT INTO stock (st_code, st_date, st_open, st_close, st_volume) VALUES ('FB', '2019-09-23', 189.34, 186.82, 13327600);
INSERT INTO stock (st_code, st_date, st_open, st_close, st_volume) VALUES ('FB', '2019-09-24', 187.98, 181.28, 18546600);
INSERT INTO stock (st_code, st_date, st_open, st_close, st_volume) VALUES ('FB', '2019-09-25', 181.45, 182.80, 18068300);
INSERT INTO stock (st_code, st_date, st_open, st_close, st_volume) VALUES ('FB', '2019-09-26', 181.33, 180.11, 16083300);
INSERT INTO stock (st_code, st_date, st_open, st_close, st_volume) VALUES ('FB', '2019-09-27', 180.49, 177.10, 14656200);

-- Google stocks
INSERT INTO stock (st_code, st_date, st_open, st_close, st_volume) VALUES ('GOOGL', '2018-10-18', 1095.57, 1087.97, 2410100);
INSERT INTO stock (st_code, st_date, st_open, st_close, st_volume) VALUES ('GOOGL', '2019-01-15', 1050.60, 1077.15, 1589900);
INSERT INTO stock (st_code, st_date, st_open, st_close, st_volume) VALUES ('GOOGL', '2019-04-22', 1236.67, 1253.76, 954200);
INSERT INTO stock (st_code, st_date, st_open, st_close, st_volume) VALUES ('GOOGL', '2019-04-23', 1256.64, 1270.59, 1593400);
INSERT INTO stock (st_code, st_date, st_open, st_close, st_volume) VALUES ('GOOGL', '2019-04-24', 1270.59, 1260.05, 1169800);
INSERT INTO stock (st_code, st_date, st_open, st_close, st_volume) VALUES ('GOOGL', '2019-04-25', 1270.30, 1267.34, 1567200);
INSERT INTO stock (st_code, st_date, st_open, st_close, st_volume) VALUES ('GOOGL', '2019-04-26', 1273.38, 1277.42, 1361400);
INSERT INTO stock (st_code, st_date, st_open, st_close, st_volume) VALUES ('GOOGL', '2019-04-29', 1280.51, 1296.20, 3618400);
INSERT INTO stock (st_code, st_date, st_open, st_close, st_volume) VALUES ('GOOGL', '2019-07-15', 1148.19, 1153.58, 1293000);
INSERT INTO stock (st_code, st_date, st_open, st_close, st_volume) VALUES ('GOOGL', '2019-10-17', 1251.40, 1252.80, 1047900);

-- Netflix stocks
INSERT INTO stock (st_code, st_date, st_open, st_close, st_volume) VALUES ('NFLX', '2018-10-18', 337.80, 335.69, 8498300);
INSERT INTO stock (st_code, st_date, st_open, st_close, st_volume) VALUES ('NFLX', '2018-12-21', 263.83, 246.39, 21397600);
INSERT INTO stock (st_code, st_date, st_open, st_close, st_volume) VALUES ('NFLX', '2018-12-24', 242.00, 233.88, 9547600);
INSERT INTO stock (st_code, st_date, st_open, st_close, st_volume) VALUES ('NFLX', '2018-12-26', 233.92, 253.67, 14402700);
INSERT INTO stock (st_code, st_date, st_open, st_close, st_volume) VALUES ('NFLX', '2019-03-15', 358.29, 356.56, 7025200);
INSERT INTO stock (st_code, st_date, st_open, st_close, st_volume) VALUES ('NFLX', '2019-07-18', 362.59, 362.65, 15145300);
INSERT INTO stock (st_code, st_date, st_open, st_close, st_volume) VALUES ('NFLX', '2019-10-17', 281.73, 279.36, 7700000);
